VCFFileName,FileDescription,VCFFileSize,FileAccess,StudyID,ParticipantID,SampleID,LibraryStrategy,ParticipantIDCheck,BAMFileName,BAMFileSize,CRAMFileName,CRAMFileSize,caller,Sample.Anatomic.Site,Age.at.Sample.Collection.days,SampleTumorStatus,Sample.Tumor.Classification,Sample.Diagnosis,Diagnosis.Category
00019396-024d-4e34-874e-4048b3ae9e7c.manta.candidateSmallIndels.vcf.gz,,3.01 MB,Controlled,phs002517,PT_0YB0195R,BS_6A1KQYQ0,WGS,PT_0YB0195R,,,1250557_D1.cram,14.71 GB,manta,Not Reported,938,Normal,Not Applicable,,
00019396-024d-4e34-874e-4048b3ae9e7c.manta.diploidSV.vcf.gz,,905.31 KB,Controlled,phs002517,PT_0YB0195R,BS_6A1KQYQ0,WGS,PT_0YB0195R,,,1250557_D1.cram,14.71 GB,manta,Not Reported,938,Normal,Not Applicable,,
00019396-024d-4e34-874e-4048b3ae9e7c.svaba.indel.vcf.gz,,29.05 MB,Controlled,phs002517,PT_0YB0195R,BS_6A1KQYQ0,WGS,PT_0YB0195R,,,1250557_D1.cram,14.71 GB,svaba,Not Reported,938,Normal,Not Applicable,,
00019396-024d-4e34-874e-4048b3ae9e7c.svaba.sv.vcf.gz,,429.67 KB,Controlled,phs002517,PT_0YB0195R,BS_6A1KQYQ0,WGS,PT_0YB0195R,,,1250557_D1.cram,14.71 GB,svaba,Not Reported,938,Normal,Not Applicable,,
067a59ce-6ae6-4cad-b40a-b077c5645f40.lancet_somatic.norm.annot.public.vcf.gz,,224.58 KB,Open,phs002517,PT_00G007DM,BS_AQMKA8NC,WGS,PT_00G007DM,fd06a8f3-54d8-406b-abff-6aab6d119e9b.bam,144.68 GB,9ba06668-759e-440c-a22f-957df52dae06.cram,31.09 GB,lancet,"C71.6 : Cerebellum, NOS;C71.9 : Posterior cranial fossa",3178,Tumor,Not Applicable,,
067a59ce-6ae6-4cad-b40a-b077c5645f40.lancet_somatic.norm.annot.public.vcf.gz,,224.58 KB,Open,phs002517,PT_00G007DM,BS_CTEM6SYF,WGS,PT_00G007DM,998654f2-1213-4148-9360-a2c9b30f6034.bam,108.8 GB,6b65b7b0-8687-4f72-9d17-85e27420c96f.cram,18.98 GB,lancet,Not Reported,1702,Normal,Not Applicable,,
08da82db-ffff-4ad4-af62-cd0c52343f83.lancet_somatic.norm.annot.public.vcf.gz,,224.45 KB,Open,phs002517,PT_00G007DM,BS_AQMKA8NC,WGS,PT_00G007DM,fd06a8f3-54d8-406b-abff-6aab6d119e9b.bam,144.68 GB,9ba06668-759e-440c-a22f-957df52dae06.cram,31.09 GB,lancet,"C71.6 : Cerebellum, NOS;C71.9 : Posterior cranial fossa",3178,Tumor,Not Applicable,,
08da82db-ffff-4ad4-af62-cd0c52343f83.lancet_somatic.norm.annot.public.vcf.gz,,224.45 KB,Open,phs002517,PT_00G007DM,BS_CTEM6SYF,WGS,PT_00G007DM,998654f2-1213-4148-9360-a2c9b30f6034.bam,108.8 GB,6b65b7b0-8687-4f72-9d17-85e27420c96f.cram,18.98 GB,lancet,Not Reported,1702,Normal,Not Applicable,,
094f0041-3423-4719-80c8-712327a81d34.consensus_somatic.norm.annot.public.vcf.gz,,208.03 KB,Open,phs002517,PT_VC7WZMC4,BS_GGS3WZWF,WGS,PT_VC7WZMC4,,,1213271_D1.cram,21.45 GB,consensus,C75.1 : Pituitary gland,1481,Normal,Not Applicable,,
094f0041-3423-4719-80c8-712327a81d34.consensus_somatic.norm.annot.public.vcf.gz,,208.03 KB,Open,phs002517,PT_VC7WZMC4,BS_QS3P6VBY,WGS,PT_VC7WZMC4,,,1228497_D1.cram,29.01 GB,consensus,C75.1 : Pituitary gland,1481,Tumor,Primary,,
0d25fa79-ba44-47b8-ba84-b77822c993d7.mutect2_somatic.norm.annot.public.vcf.gz,,1.81 MB,Open,phs002517,PT_00G007DM,BS_CTEM6SYF,WGS,PT_00G007DM,998654f2-1213-4148-9360-a2c9b30f6034.bam,108.8 GB,6b65b7b0-8687-4f72-9d17-85e27420c96f.cram,18.98 GB,mutect2,Not Reported,1702,Normal,Not Applicable,,
0d25fa79-ba44-47b8-ba84-b77822c993d7.mutect2_somatic.norm.annot.public.vcf.gz,,1.81 MB,Open,phs002517,PT_00G007DM,BS_K07KNTFY,WGS,PT_00G007DM,17ed2aba-3236-4f8e-bf2e-91f1a6d96609.bam,176.63 GB,7b06bec0-c64a-4df4-8237-d07de0a5df42.cram,38.94 GB,mutect2,"C71.6 : Cerebellum, NOS;C71.9 : Posterior cranial fossa",464,Tumor,Primary,,
1cae2cc9-43f1-476e-953a-647b9336d1f9.vardict_somatic.norm.annot.public.vcf.gz,,14.96 MB,Open,phs002517,PT_00G007DM,BS_K07KNTFY,WGS,PT_00G007DM,17ed2aba-3236-4f8e-bf2e-91f1a6d96609.bam,176.63 GB,7b06bec0-c64a-4df4-8237-d07de0a5df42.cram,38.94 GB,vardict,"C71.6 : Cerebellum, NOS;C71.9 : Posterior cranial fossa",464,Tumor,Primary,,
1cae2cc9-43f1-476e-953a-647b9336d1f9.vardict_somatic.norm.annot.public.vcf.gz,,14.96 MB,Open,phs002517,PT_00G007DM,BS_CTEM6SYF,WGS,PT_00G007DM,998654f2-1213-4148-9360-a2c9b30f6034.bam,108.8 GB,6b65b7b0-8687-4f72-9d17-85e27420c96f.cram,18.98 GB,vardict,Not Reported,1702,Normal,Not Applicable,,
1fd1e21d-c447-455f-aeb6-ba3e64d1040a.strelka2_somatic.norm.annot.public.vcf.gz,,1.5 MB,Open,phs002517,PT_00G007DM,BS_CTEM6SYF,WGS,PT_00G007DM,998654f2-1213-4148-9360-a2c9b30f6034.bam,108.8 GB,6b65b7b0-8687-4f72-9d17-85e27420c96f.cram,18.98 GB,strelka2,Not Reported,1702,Normal,Not Applicable,,
1fd1e21d-c447-455f-aeb6-ba3e64d1040a.strelka2_somatic.norm.annot.public.vcf.gz,,1.5 MB,Open,phs002517,PT_00G007DM,BS_AQMKA8NC,WGS,PT_00G007DM,fd06a8f3-54d8-406b-abff-6aab6d119e9b.bam,144.68 GB,9ba06668-759e-440c-a22f-957df52dae06.cram,31.09 GB,strelka2,"C71.6 : Cerebellum, NOS;C71.9 : Posterior cranial fossa",3178,Tumor,Not Applicable,,
223fba12-86ec-44ec-9fe2-36ae1e8410b7.consensus_somatic.norm.annot.public.vcf.gz,,639.93 KB,Open,phs002517,PT_00G007DM,BS_AQMKA8NC,WGS,PT_00G007DM,fd06a8f3-54d8-406b-abff-6aab6d119e9b.bam,144.68 GB,9ba06668-759e-440c-a22f-957df52dae06.cram,31.09 GB,consensus,"C71.6 : Cerebellum, NOS;C71.9 : Posterior cranial fossa",3178,Tumor,Not Applicable,,
223fba12-86ec-44ec-9fe2-36ae1e8410b7.consensus_somatic.norm.annot.public.vcf.gz,,639.93 KB,Open,phs002517,PT_00G007DM,BS_CTEM6SYF,WGS,PT_00G007DM,998654f2-1213-4148-9360-a2c9b30f6034.bam,108.8 GB,6b65b7b0-8687-4f72-9d17-85e27420c96f.cram,18.98 GB,consensus,Not Reported,1702,Normal,Not Applicable,,
3560812c-609b-456e-aa48-6d68636ea6fa.strelka2_somatic.norm.annot.public.vcf.gz,,1.06 MB,Open,phs002517,PT_XNTFM9XY,BS_WD37M8SD,WGS,PT_XNTFM9XY,22ffa38d-f32c-4c38-a091-403d72e5532e.bam,239.79 GB,d89204f0-3c72-45fe-8358-39681fc02bd4.cram,43.61 GB,strelka2,C71.1 : Frontal lobe,2049,Tumor,Primary,,
3560812c-609b-456e-aa48-6d68636ea6fa.strelka2_somatic.norm.annot.public.vcf.gz,,1.06 MB,Open,phs002517,PT_XNTFM9XY,BS_G473TPVG,WGS,PT_XNTFM9XY,877b3035-3d35-4fa4-ac69-aefd9e9bfeb0.bam,126.14 GB,4811e25a-5a27-4365-8987-bfa7ae338545.cram,22.03 GB,strelka2,C71.1 : Frontal lobe,2049,Normal,Not Applicable,,
666235f8-a167-4914-aab9-8d8c569b371d.lancet_somatic.norm.annot.public.vcf.gz,,323.66 KB,Open,phs002517,PT_00G007DM,BS_CTEM6SYF,WGS,PT_00G007DM,998654f2-1213-4148-9360-a2c9b30f6034.bam,108.8 GB,6b65b7b0-8687-4f72-9d17-85e27420c96f.cram,18.98 GB,lancet,Not Reported,1702,Normal,Not Applicable,,
666235f8-a167-4914-aab9-8d8c569b371d.lancet_somatic.norm.annot.public.vcf.gz,,323.66 KB,Open,phs002517,PT_00G007DM,BS_K07KNTFY,WGS,PT_00G007DM,17ed2aba-3236-4f8e-bf2e-91f1a6d96609.bam,176.63 GB,7b06bec0-c64a-4df4-8237-d07de0a5df42.cram,38.94 GB,lancet,"C71.6 : Cerebellum, NOS;C71.9 : Posterior cranial fossa",464,Tumor,Primary,,
79449ffb-db78-41aa-a458-d47223f79994.lancet_somatic.norm.annot.public.vcf.gz,,323.23 KB,Open,phs002517,PT_00G007DM,BS_CTEM6SYF,WGS,PT_00G007DM,998654f2-1213-4148-9360-a2c9b30f6034.bam,108.8 GB,6b65b7b0-8687-4f72-9d17-85e27420c96f.cram,18.98 GB,lancet,Not Reported,1702,Normal,Not Applicable,,
79449ffb-db78-41aa-a458-d47223f79994.lancet_somatic.norm.annot.public.vcf.gz,,323.23 KB,Open,phs002517,PT_00G007DM,BS_K07KNTFY,WGS,PT_00G007DM,17ed2aba-3236-4f8e-bf2e-91f1a6d96609.bam,176.63 GB,7b06bec0-c64a-4df4-8237-d07de0a5df42.cram,38.94 GB,lancet,"C71.6 : Cerebellum, NOS;C71.9 : Posterior cranial fossa",464,Tumor,Primary,,
97d0831f-4a6a-476a-9dd3-5c4a2f18766b.strelka2_somatic.norm.annot.public.vcf.gz,,250.25 KB,Open,phs002517,PT_46H4XA7E,BS_PMG2P954,WGS,PT_46H4XA7E,,,1248809_D1.cram,25.54 GB,strelka2,C41.0 : Bones of skull and face and associated joints,5726,Normal,Not Applicable,,
97d0831f-4a6a-476a-9dd3-5c4a2f18766b.strelka2_somatic.norm.annot.public.vcf.gz,,250.25 KB,Open,phs002517,PT_46H4XA7E,BS_ZC33V3AZ,WGS,PT_46H4XA7E,,,1226721_D1.cram,33.22 GB,strelka2,C41.0 : Bones of skull and face and associated joints,5726,Tumor,Primary,,